ID,Name
1,Fruits Basket the Final Season
2,Fullmetal Alchemist: Brotherhood
3,Attack on Titan 3rd Season: Part II
4,Jujutsu Kaisen
5,Attack on Titan The Final Season
6,Demon Slayer: Kimetsu no Yaiba
7,Hunter x Hunter (2011)
8,Given
9,Mo Dao Zu Shi 2
10,Link Click
11,Mob Psycho 100 II
12,Fruits Basket 2nd Season
13,The Promised Neverland
14,That Time I Got Reincarnated as a Slime Season 2: Part II
15,Heaven Official's Blessing
16,Mushoku Tensei: Jobless Reincarnation - Part II
17,Clannad After Story
18,Mo Dao Zu Shi
19,Banana Fish
20,Attack on Titan 3rd Season
21,Steins;Gate
22,One-Punch Man
23,JoJo's Bizarre Adventure: Golden Wind
24,Vinland Saga
25,My Hero Academia 3
26,Violet Evergarden
27,That Time I Got Reincarnated as a Slime
28,My Hero Academia 2
29,SK8 the Infinity
30,Code Geass: Lelouch of the Rebellion
31,JoJo’s Bizarre Adventure: Stardust Crusaders - Battle in Egypt
32,Yona of the Dawn: Zeno Arc
33,JoJo's Bizarre Adventure: Diamond is Unbreakable
34,Attack on Titan
35,March Comes in like a Lion 2nd Season
36,Attack on Titan 2nd Season
37,Attack on Titan: No Regrets
38,Cowboy Bebop
39,Monogatari Series: Second Season
40,Castlevania Season 4
41,ERASED
42,The Rising of the Shield Hero
43,To Your Eternity
44,Made in Abyss
45,Rurouni Kenshin: Tsuiokuhen
46,Fruits Basket 1st Season
47,My Hero Academia 4
48,Great Teacher Onizuka
49,Your lie in April
50,Bungo Stray Dogs 3rd Season
51,Mob Psycho 100
52,Odd Taxi
53,Moriarty the Patriot 2nd Season
54,Tokyo Revengers
55,Fate/Zero 2
56,My Hero Academia
57,Dororo (2019)
58,Hellsing Ultimate
59,Parasyte -the maxim-
60,Noragami Aragoto
61,Re:ZERO -Starting Life in Another World- Season 2
62,Steins;Gate 0
63,Golden Kamuy Season 3
64,Douluo Dalu
65,Bungo Stray Dogs 2nd Season
66,Tengen Toppa Gurren Lagann
67,Mushoku Tensei: Jobless Reincarnation
68,JoJo's Bizarre Adventure: Stardust Crusaders
69,Legend of the Galactic Heroes
70,Fate/stay night: Unlimited Blade Works 2
71,Hunter x Hunter OVA 3: Greed Island Final
72,Black Butler: Book of Circus
73,Toilet-Bound Hanako-kun
74,Samurai Champloo
75,Black Lagoon: The Second Barrage
76,Overlord
77,The Ancient Magus' Bride
78,Monster
79,Fullmetal Alchemist
80,Hunter x Hunter
81,Great Pretender
82,Fate/stay night: Unlimited Blade Works
83,Rainbow: Nisha Rokubou no Shichinin
84,Hunter x Hunter OVA
85,Castlevania Season 2
86,Baccano!
87,Re:ZERO -Starting Life in Another World-
88,Golden Kamuy Season 2
89,When They Cry: Kai
90,The Seven Deadly Sins: Revival of the Commandments
91,Gintama
92,Vivy: Fluorite Eye's Song
93,Psycho-Pass
94,Fate/Zero
95,Overlord II
96,Sekai-ichi Hatsukoi: World's Greatest First Love 2
97,Tsubasa Reservoir Chronicle: Tokyo Revelations
98,Junjou Romantica 2
99,Trigun
100,Saga of Tanya the Evil
101,Noragami
102,The Seven Deadly Sins
103,Death Parade
104,Fire Force 2nd Season
105,Tokyo Ghoul
106,My Hero Academia 5
107,Castlevania Season 3
108,Puella Magi Madoka Magica
109,86: Eighty-Six
110,Nana
111,Black Clover
112,Yu Yu Hakusho
113,Katanagatari
114,Magi: Adventure of Sinbad
115,TONIKAWA: Over the Moon for You
116,Black Lagoon
117,Durarara!!
118,Nisemonogatari
119,Attack on Titan: The Final Season PV
120,Megalo Box 2: Nomad
121,GATE (2016)
122,Durarara!! X2 The Third Arc
123,Berserk
124,Durarara!! X2
125,Stars Align
126,Dorohedoro
127,Black Lagoon: Roberta's Blood Trail
128,Bungo Stray Dogs
129,Darker than Black
130,Welcome to the NHK!
131,One-Punch Man 2
132,JoJo's Bizarre Adventure (2012)
133,Jormungand: Perfect Order
134,Durarara!! X2 The Second Arc
135,Slam Dunk
136,Drifters
137,Castlevania
138,Sekai-ichi Hatsukoi: World's Greatest First Love
139,Bakemonogatari
140,GATE
141,Kino's Journey
142,Kaiji - Against All Rules
143,Somali and the Forest Spirit
144,Tsukimichi: Moonlit Fantasy
145,Fire Force
146,Erin
147,Wu Shan Wu Xing
148,Tsubasa: Spring Thunder Chronicle
149,Wonder Egg Priority
150,Romeo no Aoi Sora
151,Thunderbolt Fantasy: Sword Seekers 2
152,The Millionaire Detective - Balance:Unlimited
153,DAKAICHI: I'm being harassed by the sexiest man of the year
154,Saint Seiya: The Lost Canvas - Meiou Shinwa 2nd Chapter
155,Junjou Romantica
156,Tower of God
157,Sword Art Online: Alicization - War of Underworld
158,Gosick
159,Saint Seiya: The Hades Chapter - Sanctuary
160,The Case Study of Vanitas
161,Seraph of the End: Battle in Nagoya
162,"Legend of the Galactic Heroes: A Hundred Billion Stars, A Hundred Billion Lights"
163,From the New World
164,Junjou Romantica OVA
165,Black Butler
166,Sword Art Online: Alicization - War of Underworld: Part II
167,The Eden of Grisaia
168,Jormungand
169,High School DxD NEW
170,Attack on Titan: Lost Girls
171,Mobile Suit Gundam: The 08th MS Team
172,Wolf's Rain OVA
173,Kaiji - Ultimate Survivor
174,Neon Genesis Evangelion
175,Orange
176,Beastars
177,Goblin Slayer
178,D.Gray-man
179,Silver Fang
180,Seitokai Yakuindomo* OVA
181,Phantom: Requiem for the Phantom
182,The Misfit of Demon King Academy
183,High School DxD BorN
184,Is It Wrong to Try to Pick Up Girls in a Dungeon? III
185,Blood Blockade Battlefront & Beyond
186,When They Cry: Higurashi
187,Attack on Titan: Ilse's Notebook
188,Saint Seiya: The Lost Canvas - Meiou Shinwa
189,Outlaw Star
190,Sword Art Online: Alicization
191,Kill La Kill
192,Akame ga Kill!
193,The World's Finest Assassin Gets Reincarnated in Another World as an Aristocrat
194,"So I'm a Spider, So What?"
195,Golden Kamuy
196,Sword Art Online
197,Kengan Ashura 2
198,Detective Conan
199,The Witcher: Nightmare of the Wolf
200,Dragon Ball
201,Bleach
202,91 Days
203,Seitokai Yakuindomo OVA
204,Drifters: Special Edition
205,Seraph of the End
206,The Royal Tutor
207,Big Windup!
208,Elfen Lied
209,Eureka Seven
210,Knights of Sidonia: Battle for Planet Nine
211,Golden Boy
212,Full Metal Panic!
213,Cells at Work!
214,ef - a tale of memories
215,Noblesse: Awakening
216,Ajin: Demi-Human 2nd Season
217,Star Blazers: Space Battleship Yamato 2202
218,Dusk Maiden of Amnesia
219,Eyeshield 21
220,Taisho Otome Fairy Tale
221,Kemono Jihen
222,DARLING in the FRANXX
223,Future Diary
224,Future Boy Conan
225,Tenchi Muyo! Ryo-Ohki 2
226,Another
227,Chainsaw Man PV
228,Claymore
229,Brand New Animal
230,Bai Yao Pu 2nd Season
231,Kyou kara Ore wa!!
232,Super Lovers 2
233,Zoku Sayonara Zetsubou Sensei
234,Fate/Grand Order: Absolute Demonic Front - Babylonia
235,Is It Wrong to Try to Pick Up Girls in a Dungeon? II
236,Tiger & Bunny
237,The Heroic Legend of Arslan
238,Hell Girl: Two Mirrors
239,Symphogear XV
240,The Irregular at Magic High School
241,"Say ""I love you."""
242,Love Stage!!
243,Seitokai Yakuindomo*
244,To Love Ru: Darkness 2nd OVA
245,Goku Sayonara Zetsubou Sensei
246,Akudama Drive
247,The God of High School
248,High School DxD Hero
249,Grimgar of Fantasy and Ash
250,To Love Ru: Darkness OVA
251,To Love Ru: Darkness
252,Mobile Suit Gundam SEED
253,Legend of the Galactic Heroes: Die Neue These
254,Saint Seiya: The Hades Chapter - Inferno
255,Thus Spoke Kishibe Rohan
256,High School DxD
257,Tokyo Ghoul √A
258,Gangsta.
259,To Love Ru: Darkness 2nd
260,Full Metal Panic! Invisible Victory
261,Baki: The Great Raitai Tournament Saga
262,Hellsing
263,Inuyashiki: Last Hero
264,Maison Ikkoku
265,By the Grace of the Gods
266,Shiki
267,Sekirei: Pure Engagement
268,"Higehiro: After Being Rejected, I Shaved and Took in a High School Runaway"
269,Darwin's Game
270,Mobile Suit Gundam: Thunderbolt
271,Fox Spirit Matchmaker Season 5
272,"Sayonara, Zetsubou-Sensei"
273,Ranma 1/2 Akumu! Shunmin Kou
274,Psycho-Pass 2
275,Knights of Sidonia
276,Hanada Shounen-shi
277,The Legend of the Legendary Heroes
278,Gungrave
279,Paradise Kiss
280,Danganronpa 3: The End of Hope's Peak Academy- Despair Arc
281,Kengan Ashura
282,Interspecies Reviewers
283,Cautious Hero: The Hero Is Overpowered but Overly Cautious
284,Kaguya-sama: Love Is War OVA
285,High School DxD BorN: Yomigaeranai Fushichou
286,Birdy the Mighty: Decode 2
287,Cells at Work! Code Black
288,L.O.R.D: Legend of Ravaging Dynasties 2
289,Michiko & Hatchin
290,The Heike Story
291,Tenchi Muyo! Ryo-Ohki
292,Denpa Teki na Kanojo
293,InuYasha
294,Angels of Death (Web)
295,Sengoku Basara: Samurai Kings 2
296,"Is this a Zombie? Of the Dead: Yes, This Suits Me Just Fine"
297,Lupin III: The Woman Called Fujiko Mine
298,Seitokai Yakuindomo
299,The Fruit of Grisaia
300,Kino's Journey -the Beautiful World- the Animated Series
301,House of Five Leaves
302,Kageki Shoujo!!
303,A Certain Magical Index
304,Wolf's Rain
305,Saint Seiya: The Hades Chapter - Elysion
306,Danganronpa 3: The End of Hope's Peak Academy- Future Arc
307,Kabaneri of the Iron Fortress
308,Devilman: Crybaby
309,Code Geass: Akito the Exiled
310,Dororo
311,Twittering Birds Never Fly: Don't Stay Gold
312,Kakegurui
313,Utawarerumono
314,Heaven's Memo Pad
315,Koyomimonogatari
316,Wise Man’s Grandchild
317,Black Jack Final
318,Hell Girl: Three Vessels
319,Arifureta: From Commonplace to World's Strongest
320,Date a Live III
321,Is this a Zombie?
322,Ranma 1/2
323,Macross Zero
324,takt op.Destiny
325,When They Cry: Rei
326,Motto To Love Ru
327,Akagi
328,Rent-A-Girlfriend
329,Macross Plus
330,The Idaten Deities Know Only Peace
331,Highschool of the Dead
332,Tokyo Ghoul: Jack
333,Princess Principal
334,Thunderbolt Fantasy
335,Air Gear
336,Noblesse: Pamyeol-ui Sijak
337,How NOT to Summon a Demon Lord
338,Tsugumomo 2
339,Antidote
340,Hitori no Shita: The Outcast 2
341,Golden Kamuy Season 2 OVA
342,Ajin: Demi-Human
343,Noblesse
344,Mobile Suit Gundam
345,Prison School
346,"If It's for My Daughter, I'd Even Defeat a Demon Lord"
347,Panty & Stocking with Garterbelt
348,Wandering Witch: The Journey of Elaina
349,Serial Experiments Lain
350,Initial D Extra Stage
351,Gunbuster
352,Hakata Tonkotsu Ramens
353,Revolutionary Girl Utena
354,Samurai 7
355,Haganai: I Don't Have Many Friends
356,Kubikiri Cycle: Aoiro Savant to Zaregototsukai
357,Kuuchuu Buranko
358,Aoi Bungaku Series
359,High School DxD OVA
360,Deadman Wonderland
361,Deca-Dence
362,To Love Ru OVA
363,Fate/Kaleid Liner Prisma Illya 3rei!!
364,Shonan Junai Gumi
365,Re:Creators
366,Ga-Rei-Zero
367,Btooom!
368,Alice in Borderland
369,Blood+
370,Akashic Records of Bastard Magic Instructor
371,Sankarea
372,Accel World
373,The Asterisk War (2016)
374,Neuro: Supernatural Detective
375,City Hunter
376,The Troubled Life of Miss Kotoura
377,Strike the Blood III
378,Monster Musume OVA
379,Drifters OVA
380,Talentless Nana
381,"High School DxD NEW: Oppai, Tsutsumimasu!"
382,A Certain Scientific Accelerator
383,Read Or Die TV
384,Danganronpa: The Animation
385,Prison School OVA
386,Tokyo Ghoul: Pinto
387,Saint Seiya: Knights of the Zodiac
388,SHIMONETA: A Boring World Where the Concept of Dirty Jokes Doesn’t Exist
389,JoJo's Bizarre Adventure
390,Tenchi Muyo! The Night Before The Carnival
391,Edens Zero
392,JoJo's Bizarre Adventure (2000)
393,Black Jack OVA
394,Gunbuster 2
395,Strike Witches 2
396,Lord Marksman and Vanadis
397,Strike the Blood: Kingdom of the Valkyria
398,To Love Ru: Multiplication - Mae kara Ushiro kara
399,Strike the Blood II
400,B: The Beginning
401,Symphogear AXZ
402,Sekirei
403,Bokurano
404,Rosario + Vampire Capu2
405,"Now and Then, Here and There"
406,Sword Art Online Alternative: Gun Gale Online
407,Mushoku Tensei: Jobless Reincarnation PV
408,Fist of the North Star 2
409,Aishiteruze Baby
410,Dogs: Bullets & Carnage
411,Shigofumi
412,Super Danganronpa 2.5: Komaeda Nagito to Sekai no Hakaisha
413,Hell Girl
414,God Eater
415,RIN: Daughters of Mnemosyne
416,Strike Witches: Operation Victory Arrow
417,Angels of Death
418,Record of Grancrest War
419,Laughing Under the Clouds
420,Strike the Blood IV
421,Lost Song
422,Baki
423,Fist of the North Star
424,His and Her Circumstances
425,Golden Kamuy OVA
426,Fate/Apocrypha
427,Me! Me! Me!
428,Star Wars: Visions
429,Lupin III: Part III
430,Angel Densetsu
431,Magical Girl Lyrical Nanoha
432,Fist of the North Star: Legend of Toki
433,Kurenai
434,Mobile Suit Gundam: Thunderbolt 2nd Season
435,Hamatora
436,Paranoia Agent
437,You're Under Arrest: Mini-Specials
438,Black Blood Brothers
439,Monster Musume no Iru Nichijou
440,Demon King Daimao
441,Gleipnir
442,Berserk (2017)
443,Blade of the Immortal (2019)
444,Devils' Line
445,Kiba
446,Saiyuki Reload Blast
447,Gunslinger Girl
448,Sengoku Basara: Samurai Kings
449,The Tyrant Falls In Love
450,Trinity Blood
451,Bai Yao Pu
452,Symphogear G
453,Kimi ga Aruji de Shitsuji ga Ore de
454,Higurashi: When They Cry - Gou
455,Mazinkaiser: Shitou! Ankoku Dai Shogun
456,Umineko: When They Cry
457,Children of the Whales
458,Scum's Wish
459,Strike Witches: Road to Berlin
460,Shoubushi Densetsu Tetsuya
461,Sirius the Jaeger
462,Symphogear GX
463,Basilisk
464,Is It Wrong to Try to Pick Up Girls in a Dungeon? OVA
465,Space Pirate Captain Herlock: The Endless Odyssey
466,Strike the Blood: Kieta Seisou-hen
467,Fate/kaleid Liner Prisma Illya 2wei Herz!
468,Armored Trooper Votoms
469,Sankarea OVA
470,Sunday Without God
471,Rewrite 2
472,Fate/Kaleid Liner Prisma Illya 2wei!
473,Pet Shop of Horrors
474,UQ Holder!
475,Cross Ange: Rondo of Angels and Dragons
476,How NOT to Summon a Demon Lord: Omega
477,Canaan
478,Mazinkaiser
479,Rumbling Hearts
480,Rosario + Vampire
481,El-Hazard: The Magnificent World
482,In/Spectre
483,Mahoromatic 2
484,To Love Ru
485,Aesthetica of a Rogue Hero
486,Sonny Boy
487,Infinite Stratos
488,Higurashi no Naku Koro ni Kaku Outbreak
489,The Testament of Sister New Devil BURST
490,Tokyo Ghoul:re 2nd Season
491,Dropkick on My Devil!! Dash
492,Crayon Shin-chan
493,One Piece: Defeat the Pirate Ganzak!
494,Speed Grapher
495,Angolmois: Record of Mongol Invasion
496,Onihei
497,Bureau of Proto Society
498,Solty Rei
499,Xue Se Cang Qiong
500,Mahoromatic
501,Servamp
502,Ajin OVA
503,New Getter Robo
504,Dear Brother
505,Grisaia: Phantom Trigger - Stargazer
506,Boruto: Naruto Next Generations
507,Yuuna and the Haunted Hot Springs OVA
508,Ayakashi: Japanese Classic Horror
509,Jyu-Oh-Sei
510,Tokyo Ghoul:re
511,Freezing
512,Yuuna and the Haunted Hot Springs
513,Seitokaichou ni Chuukoku
514,Dance in the Vampire Bund
515,Mobile Suit Gundam: The 08th MS Team - A Battle With The Third Dimension
516,Tenjho Tenge: Ultimate Fight
517,Ghost in the Shell: SAC_2045
518,A Certain Magical Index III
519,Stop!! Hibari-kun!
520,Gun x Sword
521,The Mystic Archives of Dantalian
522,Kiss x Sis
523,Fuyu no Semi
524,Gunsmith Cats
525,I'm Standing on a Million Lives 2nd Season
526,Witchblade
527,Young Black Jack
528,My Mental Choices are Completely Interfering with my School Romantic Comedy OVA
529,A Sister's All You Need
530,Queen Emeraldas
531,Devil May Cry
532,Cat Shit One
533,Please Twins: The Summer Never Ends
534,Battle Angel Alita
535,Excel Saga
536,Lunar Legend Tsukihime
537,Ginga Hyouryuu Vifam
538,A Little Princess Sara
539,Battle Game in 5 Seconds
540,The Testament of Sister New Devil
541,Yamada's First Time: B Gata H Kei
542,"The Testament of Sister New Devil: Toujo Basara's Hard, Sweet Daily Life"
543,Princess Lover!
544,Deadman Wonderland: The Red Knife Wielder
545,Infinite Stratos Encore: A Sextet Yearns to Be in Love
546,Mashiroiro Symphony: The Color of Lovers
547,Needless
548,Kokkoku: Moment by Moment
549,Tetsujin 28-gou (2004)
550,The Perfect Insider
551,Higurashi: When They Cry - Sotsu
552,Mobile Suit Gundam SEED C.E.73: Stargazer
553,H2O: Footprints in the Sand
554,Gosenzo-sama Banbanzai!
555,Ikoku Irokoi Romantan
556,Legends of the Dark King: A Fist of the North Star Story
557,Photon: The Idiot Adventures
558,Golgo 13
559,High-Rise Invasion
560,Maria the Virgin Witch
561,Muv-Luv Alternative: Total Eclipse
562,Before Green Gables
563,Garo: Vanishing Line
564,Garo The Animation
565,Fist of the North Star: Legend of Yuria
566,Freezing Vibration
567,Ninja Girl & Samurai Master 3rd Season
568,Grisaia: Phantom Trigger
569,Anti-Magic Academy: The 35th Test Platoon
570,Tsugumomo
571,SSSS.Gridman
572,Cat Soup
573,Ebichu
574,Yarichin Bitch-bu
575,GANTZ
576,Terra Formars OVA
577,Tenjho Tenge
578,Nasu: Suitcase no Wataridori
579,Strain: Strategic Armored Infantry
580,Brynhildr in the Darkness
581,Shin Getter Robo vs Neo Getter Robo
582,Please Twins
583,Kaze no Yojimbo
584,Demon Prince Enma
585,Video Girl AI
586,Cop Craft
587,Kiss x Sis TV
588,The Guyver: Bio-Booster Armor
589,Princess Resurrection OVA
590,Shigurui: Death Frenzy
591,Kasei Yakyoku
592,Ikebukuro West Gate Park
593,Our Last Crusade or the Rise of a New World
594,Magical Girl Raising Project
595,Persona 5 the Animation
596,Happy Sugar Life
597,Gravitation
598,Kodomo no Jikan
599,"I Couldn't Become a Hero, So I Reluctantly Decided to Get a Job."
600,Area 88
601,Birdy the Mighty
602,Strike Witches
603,Double Decker! Doug & Kirill
604,Figure 17
605,Yokohama Kaidashi Kikou: Quiet Country Cafe
606,Souten Kouro
607,Kabaneri of the Iron Fortress: Ran Hajimaru Michiato OP
608,Robot on the Road
609,Cat Planet Cuties: Come Drop By
610,Angel Heart
611,Code:Breaker
612,Zetman
613,Bubblegum Crisis
614,Monster Strike the Animation
615,Bludgeoning Angel Dokuro-chan 2
616,Ikkitousen: Xtreme Xecutor
617,Libra of Nil Admirari
618,Brave10
619,Koi Kaze
620,Texhnolyze
621,Mazinkaiser SKL
622,I'm Standing on a Million Lives
623,Girls Bravo: Second Season
624,Kemonozume
625,Samurai Girls
626,Koe de Oshigoto! The Animation
627,3x3 Eyes: Seima Densetsu
628,Himitsu: The Revelation
629,Terra Formars
630,Hammerhead
631,Princess Resurrection
632,Emblem Take 2
633,Brave Witches
634,A.I.C.O. Incarnation
635,Ikkitousen: Great Guardians
636,"I Couldn't Become a Hero, So I Reluctantly Decided to Get a Job. OVA"
637,ViVid Strike!
638,Majuu Sensen
639,Dragon Half
640,Kirepapa.
641,Altered Carbon: Resleeved
642,Plunderer
643,Please Save My Earth
644,Cyber City Oedo 808
645,Be-Bop High School
646,Riding Bean
647,7 Seeds
648,Hanaukyo Maid Team: La Verite
649,Sengoku Basara: End of Judgement
650,The Testament of Sister New Devil BURST: Toujo Basara's Perfectly Peaceful Daily Life
651,New Fist of the North Star
652,Loveless
653,The Animatrix
654,Kyomu Senshi Miroku
655,Berserk (2016)
656,Ladies Versus Butlers!
657,Requiem from the Darkness
658,Zatch Bell!
659,Sukisho
660,Corpse Party: Tortured Souls
661,"So, I Can't Play H!"
662,This Ugly Yet Beautiful World
663,Wo de Nitian Shenqi
664,Zombie-Loan
665,Japan Sinks 2020
666,Konchuu Monogatari Minashigo Hutch (1989)
667,Ai no Kusabi
668,Starship Operators
669,Boogiepop and Others
670,Intrigue in the Bakumatsu: Irohanihoheto
671,Boogiepop and Others PV
672,Higanjima X
673,The Book of Bantorra
674,My Wife is the Student Council President+!
675,Citrus
676,Strait Jacket
677,Shin Koihime Musou: Rival Warlords Vacation on a Tropical Island - There Will Also Be Tentacles!
678,Cuticle Detective Inaba
679,Sadamitsu the Destroyer
680,Blue Gender
681,Ikkitousen: Dragon Destiny
682,Candy Boy
683,Majikoi: Oh! Samurai Girls!
684,Megazone 23
685,Tsugumomo OVA
686,Hundred
687,20min Walk From Nishi-Ogikubo Station
688,Mermaid's Scar
689,A Bridge to the Starry Skies OVA
690,"So, I Can't Play H! OVA"
691,Devilman: The Birth
692,Highschool of the Dead: Drifters of the Dead
693,Shootfighter Tekken - The Tough
694,Devilman: The Demon Bird
695,Switch
696,Kurozuka
697,Magical Witch Punie-chan
698,Macross Dynamite 7
699,Bludgeoning Angel Dokuro-chan
700,Dropkick on My Devil! (Web)
701,"Why the Hell are You Here, Teacher!?"
702,Blade of the Immortal
703,My Wife Is the Student Council President! OVA
704,Dance with Devils
705,"Kamen no Maid Guy: This Summer, Plenty of Breasts"
706,Wo de Tian Jie Nuyou
707,The Hakkenden: Shin Shou
708,R-15 OVA
709,Infinite Dendrogram
710,Redo of Healer
711,Juni Taisen: Zodiac War
712,Mermaid Forest
713,Hiatari Ryoukou!
714,Zenki
715,Rick and Morty: Samurai & Shogun
716,The Promised Neverland 2nd Season
717,Babylon
718,Orguss 02
719,Canvas 2 ~Niji Iro no Sketch~
720,Fist of the Blue Sky
721,Terra Formars: Revenge
722,Girls Bravo
723,Supernatural The Animation
724,Classroom☆Crisis
725,Samurai Bride
726,Muhyo & Roji's Bureau of Supernatural Investigation
727,Kakutou Bijin Wulong Rebirth
728,Nightwalker: The Midnight Detective
729,Kanokon
730,The Galaxy Railways
731,Fairy gone: Part II
732,Dai-Guard
733,Kanokon: The Girl Who Cried Fox
734,Cannon Busters (2019)
735,Punch Line
736,Magia Record: Puella Magi Madoka Magica Side Story
737,Bad Boys
738,Red Garden
739,Ikkitousen: Shuugaku Toushi Keppuuroku
740,Kochoki
741,ESPer Mami
742,Crusher Joe
743,Queen's Blade: Unlimited
744,Cells at Work! Commercial
745,NAKAIMO: My little sister is among them!
746,Full Dive: This Ultimate Next-Gen Full Dive RPG Is Even Shittier than Real Life!
747,Space Runaway Ideon
748,The Fruit of Evolution: Before I Knew It My Life Had It Made
749,Ping Pong Club
750,The Heroic Legend of Arslan (1991)
751,Ninja Scroll: The Series
752,3x3 Eyes
753,Chaos;HEAd
754,Tokko
755,Blue Drop
756,Android Kikaider
757,Megazone 23 Part II
758,Lostorage Incited WIXOSS
759,Haru wo Daiteita
760,Boogiepop Phantom
761,Eien no Filena
762,Sorcerer Hunters
763,The Flowers of Evil
764,Mr. Love: Queen's Choice
765,Dog & Scissors
766,Vassalord.
767,Killing Bites
768,Katte ni Kaizou
769,Candy Boy Episode 0
770,Bastard!!
771,Rick and Morty vs. Genocider
772,Space Pirate Mito
773,Dante's Inferno
774,My Wife Is the Student Council President!
775,Sakura Wars TV
776,Onii-chan Dakedo Ai Sae Areba Kankeinai yo ne!
777,Hitori no Shita: The Outcast
778,Samurai After
779,Carnage
780,Ruin Explorers
781,Le Portrait de Petit Cossette
782,Mother of the Goddess' Dormitory
783,Peach Boy Riverside
784,Ultraman
785,Dirty Pair: Affair on Nolandia
786,Dokushin Apartment Dokudami-sou
787,Terra Formars: Earth Arc
788,Baki OVA
789,Ai no Kusabi: The Space Between
790,Otogi Zoshi
791,Indian Summer
792,Masquerade
793,Luger Code 1951
794,Baldr Force EXE
795,Cagaster of an Insect Cage
796,My Girlfriend is Shobitch OVA
797,Night Raid 1931
798,Maken-ki!
799,Ikkitousen: Extravaganza Epoch
800,Resident Evil: Infinite Darkness
801,Hell Girl: Fourth Twilight
802,Berserk (2016) Recap
803,Eiyuu Gaiden Mozaicka
804,Kuro Gyaru ni Natta kara Shinyuu to Yattemita.
805,Shi Xiong
806,Fantascope Tylostoma
807,Megazone 23 Part III
808,Sohryuden: Legend of the Dragon Kings
809,New Cutey Honey
810,Shiritsutantei: Toki Shouzou Trouble Note - Hard & Loose
811,Magical Girl Site
812,Ogre Slayer
813,Persona: Trinity Soul
814,Dragon Knight: Wheel of Time
815,Shin Kabukichou Story Hana no Asukagumi!
816,Mezzo Forte
817,Kigyou Senshi Yamazaki: Long Distance Call
818,Schwarzesmarken
819,Fight Ippatsu! Juuden-Chan!!
820,Cyborg 009 vs Devilman
821,Iketeru Futari
822,Zoku Gosenzo San'e
823,Ibuseki Yoruni
824,Jungle King Tar-chan
825,Burn Up! Excess
826,Ranpo Kitan: Game of Laplace
827,Rance: Sabaku no Guardian
828,The Qwaser of Stigmata II
829,Akiba's Trip: The Animation
830,Crying Freeman
831,Showtime! Uta no Onee-san Datte Shitai
832,Blood-C
833,He is My Master
834,YU-NO: A Girl Who Chants Love at the Bound of This World
835,Oretachi ni Tsubasa wa Nai: Hada-iro Ritsu Kyuu-wari Zou!?
836,Puppet Princess
837,Doukyuusei 2 Special: Sotsugyousei
838,Ikkitousen
839,Captain Earth
840,Assault Lily BOUQUET
841,Under the Dog
842,Puni Puni Poemy
843,Million Arthur 2nd Season
844,801 T.T.S. Airbats
845,Sengoku Night Blood
846,Magical Girl Ore
847,Night Head Genesis
848,Battle Girls: Time Paradox
849,My Girlfriend is Shobitch
850,Dropkick on My Devil!
851,Battle Athletes
852,Rail Wars!
853,"Yamibo: Darkness, The Hat and the Travelers of the Books"
854,Yurikuma Arashi
855,Assassins Pride
856,R-15
857,Fate/Extra Last Encore
858,Gall Force 2: Destruction
859,Queen's Blade 2: The Evil Eye
860,Memoirs of Amorous Gentlemen
861,Judo Boy
862,New Dream Hunter Rem: Yume no Kishitachi
863,In Search of the Lost Future
864,Maiden Rose
865,Interlude
866,"We, Without Wings - Under the Innocent Sky"
867,Galaxy Fraulein Yuna Returns
868,Ninku
869,Amon: Apocalypse of Devilman
870,Gall Force 3: Stardust War
871,Fist of the Blue Sky: Regenesis 2nd Season
872,Yasuke
873,The Qwaser of Stigmata: Portrait of the Empress
874,Night Warriors: Darkstalkers' Revenge
875,Tokyo Tribe 2
876,The Qwaser of Stigmata: Portrait of the Empress
877,Night Warriors: Darkstalkers' Revenge
878,Tokyo Tribe 2
879,Golgo 13: Queen Bee
880,Ray The Animation
881,Shamanic Princess
882,No Money
883,Bavi Stock II: The Revenge of Eyesman - Ai no Kodou no Kanata ni
884,Kanamewo
885,Neo Yokio: Pink Christmas
886,The Skull Man
887,Phantasy Star Online 2: Episode Oracle
888,Hijikata Toshizou: Shiro no Kiseki
889,Maken-ki! Two
890,Last Hope
891,A Centaur's Life
892,Ingress the Animation
893,Ikkitousen: Western Wolves
894,Wild 7: Another
895,11eyes
896,New Dream Hunter Rem: Setsuriku no Mudenmekyu
897,Goku: Midnight Eye
898,30-sai no Hoken Taiiku
899,Hades Project Zeorymer
900,Amefuri Kozou
901,Isekai Cheat Magician
902,Vividred Operation
903,Pet
904,.hack//GIFT
905,Okamikakushi: Masque of the Wolf
906,Sukeban Deka
907,B: The Beginning Succession
908,The Devil Lady
909,Chance Pop Session
910,Xanadu Dragonslayer Densetsu
911,Chaos;Child
912,The Samurai
913,Wolf Guy
914,Magical Girl Spec-Ops Asuka
915,Domain of Murder
916,Burn Up! W
917,The Master of Ragnarok & Blesser of Einherjar
918,Madonna
919,The Qwaser Of Stigmata
920,Cinderella Express
921,Dragon Slayer: The Legend of Heroes
922,Luna Varga
923,Genji Monogatari Sennenki
924,Bronze: Zetsuai Since 1989
925,Softenni
926,Kakyuusei
927,If I See You in My Dreams
928,Argevollen
929,The Legend of the Dog Warriors: The Hakkenden
930,AD Police Files
931,Super HxEros OVA
932,Yamatarou Kaeru
933,Goku II: Midnight Eye
934,Queen's Blade OVA
935,Double Hard
936,Devil Hunter Yohko
937,"Yosuga no Sora: In Solitude, Where We Are Least Alone"
938,Bungo and Alchemist: Gears of Judgement
939,Step Up Love Story
940,Triage X
941,Hybrid x Heart Magias Academy Ataraxia
942,Kizumonogatari PV
943,BEM
944,Demon City Shinjuku
945,First Squad: The Moment Of Truth
946,Parasite Dolls
947,The King of Fighters: Another Day
948,Platinumhugen Ordian
949,Kagewani: Shou
950,[email protected]
951,Android Announcer Maico 2010
952,Zettai Yareru Greece Shinwa
953,Buttobi!! CPU
954,Devilman
955,Senran Kagura: Estival Versus - Shoujo-tachi no Sentaku
956,Queen's Blade: Rebellion
957,Queen's Blade: Grimoire
958,Suddenly Princess
959,Dragon's Dogma
960,Togainu no Chi
961,"Diabolik Lovers More, Blood"
962,Song of Wind and Trees
963,Papa to Kiss in the Dark
964,Inuki Kanako Zekkyou Collection: Gakkou ga Kowai!
965,Sorcerous Stabber Orphen: Battle of Kimluck
966,Senran Kagura: Shinovi Master
967,Boku wa Imouto ni Koi wo Suru
968,Me! Me! Me! Chronic
969,Woodpecker Detective's Office
970,Nozoki Ana
971,Kage
972,Triangle Heart ~Sweet Songs Forever~
973,Hen Zemi
974,Taboo-Tattoo
975,Angel Sanctuary
976,Because I Don't Like My Big Brother at All!
977,Dragoon
978,Starship Troopers
979,Sword Gai: The Animation Part II
980,Ghost Talker's Daydream
981,Araiya-san! Ore to Aitsu ga Onnayu de!?
982,Sword Gai: The Animation
983,Joshiochi! 2-kai kara Onna no Ko ga... Kudattekita
984,Madara
985,Kirara
986,Gilgamesh
987,Nayuta
988,Fairy gone
989,Burn Up!
990,Maze OVA
991,8 Man After
992,Blood Reign: Curse of the Yoma
993,Null & Peta
994,Isuca: Gokuraku
995,Minna Agechau
996,"Recently, My Sister is Unusual."
997,Popotan
998,Neo Ranga
999,Plastic Little
1000,Diabolik Lovers OVA
1001,Nekojiru Gekijou
1002,Let's Nupu Nupu
1003,D-1 Devastator
1004,Outlanders
1005,Jouran: The Princess of Snow and Blood
1006,Ellcia
1007,Junk Boy
1008,Legend of Crystania: The Chaos Ring
1009,revisions
1010,Sprite: Between Two Worlds
1011,Wizardry
1012,Hen Zemi TV
1013,Xuan Yuan Sword Luminary
1014,Vatican Miracle Examiner
1015,Riki-Oh
1016,Aki Sora: Yume no Naka
1017,Sakura Diaries
1018,Phantom Hunter Miko
1019,Ninja Gaiden
1020,Momoiro Sisters
1021,School Days
1022,Wild Adapter
1023,Elf Princess Rane
1024,Angel Cop
1025,Laughing Target
1026,Itsudatte My Santa!
1027,Aura Battle Dunbine: The Tale of Neo Byston Well
1028,Queen's Blade: The Exiled Virgin
1029,Mouse
1030,Isuca
1031,Eternity: Shinya no Nurekoi Channel
1032,Bavi Stock I: Hateshi Naki Hyouteki
1033,Holy Knight
1034,Shadow Star Narutaru
1035,Yousei Ou
1036,Refrain Blue
1037,Dies irae: To the Ring Reincarnation
1038,Dousou Kai: Yesterday Once More
1039,Iczer Reborn
1040,Sorcerous Stabber Orphen
1041,Battle Royal High School
1042,Wild 7
1043,Dorei-ku: The Animation
1044,Labyrinth of Flames
1045,Demon Lord Dante
1046,Take the X Train
1047,Ippatsu Kikimusume
1048,Aki Sora
1049,Miss Machiko!
1050,"Love Position, Legend of the Halley"
1051,Corpse Party: Missing Footage
1052,Lily C.A.T.
1053,Queen's Blade: Vanquished Queens
1054,MAPS
1055,009-1
1056,Mad Bull 34
1057,AIKa R-16: Virgin Mission
1058,Bio Hunter
1059,The Gakuen Choujotai
1060,Valkyrie Drive: Mermaid
1061,Fight!! Iczer-One
1062,Val x Love
1063,Sukoyaka Oyako 21 x Taka no Tsume-dan
1064,18if
1065,Anisava
1066,Sex and Violence with Mach Speed
1067,Midori no Neko
1068,Sei Michaela Gakuen Hyouryuuki
1069,Phantom Yuusha Densetsu
1070,Doomed Megalopolis
1071,Yoiko
1072,Gokujo. Gokurakuin Joshikou Ryou Monogatari
1073,Iczelion
1074,6 Lovers
1075,The Lost Village
1076,Project Scard: Scar on the Praeter
1077,"Shuudengo, Capsule Hotel de, Joushi ni Binetsu Tsutawaru Yoru"
1078,25-sai no Joshikousei
1079,Level-C
1080,Canvas ~Motif of Sepia~
1081,Music Girls
1082,Dragon Century
1083,Chu-Bra!!
1084,Step Up Love Story (2014)
1085,Kagewani
1086,Suikoden: Demon Century
1087,Battery
1088,Homeroom Affairs
1089,Hortensia Saga
1090,Ichi the Killer: Episode 0
1091,Majo Demo Steady
1092,Cream Lemon: Lemon Angel
1093,Future Folktales
1094,Koryu no Mimi
1095,Kingsglaive: Final Fantasy XV - Fan Kansha Tokubetsu Movie
1096,The Price of Smiles
1097,Big Order
1098,Meisou! Underworld
1099,Diabolik Lovers
1100,Samurai Gun
1101,Manyuu Hiken-chou
1102,Joker: Marginal City
1103,Akai Hayate
1104,Genocyber
1105,Agent AiKa
1106,Popee the Performer
1107,Asa Made Jugyou Chu!
1108,Twilight of the Dark Master
1109,AIKa Zero
1110,Lesson XX
1111,Amai Choubatsu - Watashi wa Kanshu Sen'you Pet
1112,The Hard: Bounty Hunter
1113,Fairy Ranmaru
1114,Sound & Fury
1115,G-On Riders
1116,Dangaizer 3
1117,3D Magical Play
1118,Oz
1119,Bloodivores
1120,Dances with the Dragons
1121,Knights of the Zodiac: Saint Seiya
1122,Scoopers
1123,Miyuki-chan in Wonderland
1124,Highway Jenny
1125,Do You Love Your Mom and Her Two-Hit Multi-Target Attacks?
1126,Juliet
1127,Psycho Diver: Soul Siren
1128,Dragon Knight
1129,Ookami-san wa Taberaretai
1130,The Sensualist
1131,My My Mai
1132,Variable Geo
1133,Otaku no Seiza
1134,Megami Paradise
1135,Peter Grill and the Philosopher's Time
1136,Circuit Angel: Ketsui no Starting Grid
1137,Makyuu Senjou
1138,"Omiai Aite wa Oshiego, Tsuyoki na, Mondaiji."
1139,Shironeko Project: Zero Chronicle
1140,Maryuu Senki
1141,Usagi-chan de Cue!!
1142,Kachou no Koi
1143,Very Private Lesson
1144,Goulart Knights: Evoked The Beginning Black
1145,ICE
1146,Kandagawa Jet Girls
1147,Aguu: Tensai Ningyou
1148,Compiler 2
1149,Basilisk: The Ouka Ninja Scrolls
1150,Bikini Warriors OVA 2
1151,The Abashiri Family
1152,Battle Athletes Victory ReSTART!
1153,Daimidaler: Prince vs. Penguin Empire
1154,Seven Mortal Sins
1155,Ulysses: Jeanne d'Arc and the Alchemist Knight
1156,Crimson Wolf
1157,Big Order OVA
1158,Riki-Oh 2: Child of Destruction
1159,Love to Lie Angle
1160,Legend of Lemnear
1161,Violence Jack 2: Evil Town
1162,Ninja Resurrection
1163,Rescue Me!
1164,Fujimi Orchestra
1165,Evil or Live
1166,Violence Jack 3: Hell's Wind
1167,Ultraviolet: Code 044
1168,Netsuzou Trap
1169,Nana to Kaoru
1170,Skirt no Naka wa Kedamono Deshita.
1171,Gyo
1172,Ijime
1173,Bikini Warriors OVA
1174,Demon Hunter Makaryuudo
1175,Wanna-Be's
1176,Black Lion
1177,Kekko Kamen
1178,Reign: The Conqueror
1179,Demon Fighter Kocho
1180,Tokyo Daigaku Monogatari
1181,Digital Devil Story Megami Tensei
1182,King's Game
1183,Nobunaga teacher's young bride
1184,Body Jack: Tanoshii Yutai Ridatsu
1185,Alice
1186,Cybernetics Guardian
1187,Dies irae
1188,Kai Doh Maru
1189,Fist of the Blue Sky: Regenesis
1190,Tekken: The Motion Picture
1191,MD Geist
1192,Wanna be the Strongest in the World
1193,Voltage Fighter Gowcaizer
1194,Beast Fighter: The Apocalypse
1195,Compiler
1196,Mujaki no Rakuen
1197,Lord of Vermilion: The Crimson King
1198,Dai Shogun: Great Revolution
1199,Violence Jack 1: Harlem Bomber
1200,DOGEZA: I Tried Asking While Kowtowing.
1201,Boku wa Kono Mama Kaeranai
1202,Hanappe Bazooka
1203,MD Geist II: Death Force
1204,Call Me Tonight
1205,Lights of the Clione
1206,Kuro to Kin no Akanai Kagi.
1207,B.B. Fish
1208,Calamity of a Zombie Girl
1209,Kimera
1210,Be-Boy Kidnapp'n Idol
1211,Ninja Slayer From Animation
1212,Blue Flames
1213,Kagaku na Yatsura
1214,The Dark Myth
1215,Alice in Deadly School The Animation
1216,Battle Angel Alita 3D Special
1217,On a Lustful Night Mingling with a Priest
1218,1+2=Paradise
1219,Strange Love
1220,Vampire Wars
1221,Archetypes Forces
1222,The Island of Giant Insects
1223,Apocalypse Zero
1224,Kizuoibito
1225,Hantsu x Trash
1226,Prism Magical: Prism Generations!
1227,The Seven Heavenly Virtues
1228,Gloomy the Naughty Grizzly
1229,Sword for Truth
1230,The Thousand Musketeers
1231,Conception
1232,Zettai Junpaku: Mahou Shoujo
1233,Ao Oni The Blue Monster
1234,G-Taste (2010)
1235,Funny Pets 2
1236,Iron Virgin Jun
1237,Papillon Rose OVA
1238,Fish in the Trap
1239,Dog Soldier: Shadows of the Past
1240,Butt Attack Punisher Girl Gautaman R
1241,Butt Attack Punisher Girl Gautaman
1242,Dark Cat
1243,"Hey, President Trap-kun!"
1244,Spectral Force
1245,Kennel Tokorozawa
1246,Psychic Wars
1247,Pupa
1248,Mars of Destruction
